year,industry,employed_k,sector
2023,agriculture,92.3,agriculture
2023,mining,2.4,mining
2023,manufacturing,184.0,manufacturing
2023,electricity,4.9,services
2023,water,8.3,services
2023,construction,65.5,construction
2023,trade,164.0,services
2023,transport,33.8,services
2023,food_accommodation,93.0,services
2023,ict,5.1,services
2023,finance,14.9,services
2023,real_estate,1.8,services
2023,professional,14.2,services
2023,admin_support,49.4,services
2023,public_admin,66.4,services
2023,education,73.2,services
2023,health,38.1,services
2023,arts,5.8,services
2023,other_services,9.4,services
2023,households,1.0,services
2024,agriculture,87.3,agriculture
2024,mining,0.8,mining
2024,manufacturing,201.2,manufacturing
2024,electricity,4.1,services
2024,water,7.1,services
2024,construction,77.7,construction
2024,trade,176.0,services
2024,transport,35.5,services
2024,food_accommodation,100.1,services
2024,ict,7.0,services
2024,finance,15.4,services
2024,real_estate,1.2,services
2024,professional,13.6,services
2024,admin_support,41.1,services
2024,public_admin,58.6,services
2024,education,72.1,services
2024,health,42.0,services
2024,arts,1.6,services
2024,other_services,12.0,services
2024,households,2.0,services
